1,CleanBrite Services,Professional residential and commercial cleaning services,Toronto,(555) 123-4567,CleanBriteServices@gmail.com
2,EcoTech Electric,Trusted electrical experts providing efficient solutions,Vancouver,(555) 234-5678,EcoTechElectric@gmail.com
3,Woodcraft Carpentry,Masterful carpenters crafting custom woodwork,Montreal,(555) 345-6789,WoodcraftCarpentry@gmail.com
4,AquaFlow Plumbing,Your go-to plumbing specialists ensuring water flow,Calgary,(555) 456-7890,AquaFlowPlumbing@gmail.com
5,Brush & Roll Painting,Artistic painters transforming spaces with a splash of color,Edmonton,(555) 567-8901,BrushRollPainting@gmail.com
6,SwiftFix Repairs,Reliable home repair and maintenance services,Toronto,(555) 678-9012,SwiftFixRepairs@gmail.com
7,GreenScape Landscaping,Creating beautiful landscapes that stand out,Vancouver,(555) 789-0123,GreenScapeLandscaping@gmail.com
8,TechSavvy HVAC,Heating and cooling solutions for comfort and efficiency,Montreal,(555) 890-1234,TechSavvyHVAC@gmail.com
9,RoofGuard Roofing,Protecting homes with expert roofing solutions,Calgary,(555) 901-2345,RoofGuardRoofing@gmail.com
10,SecureKey Locksmith,Prompt and reliable locksmith services,Edmonton,(555) 012-3456,SecureKeyLocksmith@gmail.com
11,Sunrise Cleaning Services,Comprehensive cleaning services for a fresh start,Edmonton,(555) 123-4567,SunriseCleaningServices@gmail.com
12,PowerTech Electrical,Experienced electrical services for your power needs,Toronto,(555) 234-5678,PowerTechElectrical@gmail.com
13,MasterCraft Carpentry,Custom carpentry and woodworking for exceptional interiors,Vancouver,(555) 345-6789,MasterCraftCarpentry@gmail.com
14,PipesPlus Plumbing,Dependable plumbing solutions for peace of mind,Calgary,(555) 456-7890,PipesPlusPlumbing@gmail.com
15,ColorSplash Painting,Transforming spaces with vivid and creative painting,Montreal,(555) 567-8901,ColorSplashPainting@gmail.com
